{
    "loss": 0.2926934063434601,
    "accuracy": 0.906593382358551
}